Date of Collection,Company Name,Website_URL,Public/Private,Practices,Practices_URL,Services,Services_URL,Solutions,Solutions_URL,Previous Close,52 Week Range,Sector,Industry,Full Time Employees,Market Cap,Fiscal Year Ends,Revenue,EBITDA,Company NPS,Company Glassdoor,MI Summary,Competitive Threat Level,Market Share,Pricing Strategy,Target Market_1,Target Market_2,Channels-to-Market_1 (Social Media),Channels-to-Market_2 (Sales),Channels-to-Market_3 (Promotions/Sponsorship),Market Differentiation (USP),Revenue Trends,Profitability,Growth Rate,Revenue per Employee,Customer Satisfaction,Reviews & Ratings,Customer Complaints,Innovation,Tech Advancements,Patents & Intellectual Property,Emerging Trends,Potential Threats,Long-term Strategy,Recent Activities,Market Responsiveness,Key Executives,Company Culture,Compliance Requirements,Legal Issues/Pending Litigations,Environmental Impact,Social Initiatives
2024-06-21,Adatis,https://adatis.co.uk/,Private,No Practices Data Available,No Practices URL Data Available,AI & Data Science,https://adatis.co.uk/data-science-and-ai/,No Solutions Data Available,No Solutions URL Data Available,Private,Private,Private,Private,Private,Private,Private,Private,Private,No Company NPS Data Available,No Company Glassdoor Data Available,No MI Summary Data Available,No Competitive Threat Level Data Available,No Market Share Data Available,No Pricing Strategy Data Available,No Target Market 1 Data Available,No Target Market 2 Data Available,No Channels-to-Market 1 (Social Media) Data Available,No Channels-to-Market 2 (Sales) Data Available,No Channels-to-Market 3 (Promotions/Sponsorship) Data Available,No Market Differentiation (USP) Data Available,No Revenue Trends Data Available,No Profitability Data Available,No Growth Rate Data Available,No Revenue per Employee Data Available,No Customer Satisfaction Data Available,No Reviews & Ratings Data Available,No Customer Complaints Data Available,No Innovation Data Available,No Tech Advancements Data Available,No Patents & Intellectual Property Data Available,No Emerging Trends Data Available,No Potential Threats Data Available,No Long-term Strategy Data Available,No Recent Activities Data Available,No Market Responsiveness Data Available,No Key Executives Data Available,No Company Culture Data Available,No Compliance Requirements Data Available,No Legal Issues/Pending Litigations Data Available,No Environmental Impact Data Available,No Social Initiatives Data Available
2024-06-21,Adatis,https://adatis.co.uk/,Private,No Practices Data Available,No Practices URL Data Available,AI Model Review,https://adatis.co.uk/ai-model-review-2/,No Solutions Data Available,No Solutions URL Data Available,Private,Private,Private,Private,Private,Private,Private,Private,Private,No Company NPS Data Available,No Company Glassdoor Data Available,No MI Summary Data Available,No Competitive Threat Level Data Available,No Market Share Data Available,No Pricing Strategy Data Available,No Target Market 1 Data Available,No Target Market 2 Data Available,No Channels-to-Market 1 (Social Media) Data Available,No Channels-to-Market 2 (Sales) Data Available,No Channels-to-Market 3 (Promotions/Sponsorship) Data Available,No Market Differentiation (USP) Data Available,No Revenue Trends Data Available,No Profitability Data Available,No Growth Rate Data Available,No Revenue per Employee Data Available,No Customer Satisfaction Data Available,No Reviews & Ratings Data Available,No Customer Complaints Data Available,No Innovation Data Available,No Tech Advancements Data Available,No Patents & Intellectual Property Data Available,No Emerging Trends Data Available,No Potential Threats Data Available,No Long-term Strategy Data Available,No Recent Activities Data Available,No Market Responsiveness Data Available,No Key Executives Data Available,No Company Culture Data Available,No Compliance Requirements Data Available,No Legal Issues/Pending Litigations Data Available,No Environmental Impact Data Available,No Social Initiatives Data Available
2024-06-21,Adatis,https://adatis.co.uk/,Private,No Practices Data Available,No Practices URL Data Available,AI Proof of Concept,https://adatis.co.uk/ai-proof-of-concept-2/,No Solutions Data Available,No Solutions URL Data Available,Private,Private,Private,Private,Private,Private,Private,Private,Private,No Company NPS Data Available,No Company Glassdoor Data Available,No MI Summary Data Available,No Competitive Threat Level Data Available,No Market Share Data Available,No Pricing Strategy Data Available,No Target Market 1 Data Available,No Target Market 2 Data Available,No Channels-to-Market 1 (Social Media) Data Available,No Channels-to-Market 2 (Sales) Data Available,No Channels-to-Market 3 (Promotions/Sponsorship) Data Available,No Market Differentiation (USP) Data Available,No Revenue Trends Data Available,No Profitability Data Available,No Growth Rate Data Available,No Revenue per Employee Data Available,No Customer Satisfaction Data Available,No Reviews & Ratings Data Available,No Customer Complaints Data Available,No Innovation Data Available,No Tech Advancements Data Available,No Patents & Intellectual Property Data Available,No Emerging Trends Data Available,No Potential Threats Data Available,No Long-term Strategy Data Available,No Recent Activities Data Available,No Market Responsiveness Data Available,No Key Executives Data Available,No Company Culture Data Available,No Compliance Requirements Data Available,No Legal Issues/Pending Litigations Data Available,No Environmental Impact Data Available,No Social Initiatives Data Available
2024-06-21,Adatis,https://adatis.co.uk/,Private,No Practices Data Available,No Practices URL Data Available,Azure Data Warehouse Health Check,https://adatis.co.uk/data-warehouse-health-check/,No Solutions Data Available,No Solutions URL Data Available,Private,Private,Private,Private,Private,Private,Private,Private,Private,No Company NPS Data Available,No Company Glassdoor Data Available,No MI Summary Data Available,No Competitive Threat Level Data Available,No Market Share Data Available,No Pricing Strategy Data Available,No Target Market 1 Data Available,No Target Market 2 Data Available,No Channels-to-Market 1 (Social Media) Data Available,No Channels-to-Market 2 (Sales) Data Available,No Channels-to-Market 3 (Promotions/Sponsorship) Data Available,No Market Differentiation (USP) Data Available,No Revenue Trends Data Available,No Profitability Data Available,No Growth Rate Data Available,No Revenue per Employee Data Available,No Customer Satisfaction Data Available,No Reviews & Ratings Data Available,No Customer Complaints Data Available,No Innovation Data Available,No Tech Advancements Data Available,No Patents & Intellectual Property Data Available,No Emerging Trends Data Available,No Potential Threats Data Available,No Long-term Strategy Data Available,No Recent Activities Data Available,No Market Responsiveness Data Available,No Key Executives Data Available,No Company Culture Data Available,No Compliance Requirements Data Available,No Legal Issues/Pending Litigations Data Available,No Environmental Impact Data Available,No Social Initiatives Data Available
2024-06-21,Adatis,https://adatis.co.uk/,Private,No Practices Data Available,No Practices URL Data Available,Business Change Management,https://adatis.co.uk/change-management/,No Solutions Data Available,No Solutions URL Data Available,Private,Private,Private,Private,Private,Private,Private,Private,Private,No Company NPS Data Available,No Company Glassdoor Data Available,No MI Summary Data Available,No Competitive Threat Level Data Available,No Market Share Data Available,No Pricing Strategy Data Available,No Target Market 1 Data Available,No Target Market 2 Data Available,No Channels-to-Market 1 (Social Media) Data Available,No Channels-to-Market 2 (Sales) Data Available,No Channels-to-Market 3 (Promotions/Sponsorship) Data Available,No Market Differentiation (USP) Data Available,No Revenue Trends Data Available,No Profitability Data Available,No Growth Rate Data Available,No Revenue per Employee Data Available,No Customer Satisfaction Data Available,No Reviews & Ratings Data Available,No Customer Complaints Data Available,No Innovation Data Available,No Tech Advancements Data Available,No Patents & Intellectual Property Data Available,No Emerging Trends Data Available,No Potential Threats Data Available,No Long-term Strategy Data Available,No Recent Activities Data Available,No Market Responsiveness Data Available,No Key Executives Data Available,No Company Culture Data Available,No Compliance Requirements Data Available,No Legal Issues/Pending Litigations Data Available,No Environmental Impact Data Available,No Social Initiatives Data Available
2024-06-21,Adatis,https://adatis.co.uk/,Private,No Practices Data Available,No Practices URL Data Available,Data Analytics & Visualisation,https://adatis.co.uk/data-analytics-and-visualisation/,No Solutions Data Available,No Solutions URL Data Available,Private,Private,Private,Private,Private,Private,Private,Private,Private,No Company NPS Data Available,No Company Glassdoor Data Available,No MI Summary Data Available,No Competitive Threat Level Data Available,No Market Share Data Available,No Pricing Strategy Data Available,No Target Market 1 Data Available,No Target Market 2 Data Available,No Channels-to-Market 1 (Social Media) Data Available,No Channels-to-Market 2 (Sales) Data Available,No Channels-to-Market 3 (Promotions/Sponsorship) Data Available,No Market Differentiation (USP) Data Available,No Revenue Trends Data Available,No Profitability Data Available,No Growth Rate Data Available,No Revenue per Employee Data Available,No Customer Satisfaction Data Available,No Reviews & Ratings Data Available,No Customer Complaints Data Available,No Innovation Data Available,No Tech Advancements Data Available,No Patents & Intellectual Property Data Available,No Emerging Trends Data Available,No Potential Threats Data Available,No Long-term Strategy Data Available,No Recent Activities Data Available,No Market Responsiveness Data Available,No Key Executives Data Available,No Company Culture Data Available,No Compliance Requirements Data Available,No Legal Issues/Pending Litigations Data Available,No Environmental Impact Data Available,No Social Initiatives Data Available
2024-06-21,Adatis,https://adatis.co.uk/,Private,No Practices Data Available,No Practices URL Data Available,Data Architecture,https://adatis.co.uk/data-architecture/,No Solutions Data Available,No Solutions URL Data Available,Private,Private,Private,Private,Private,Private,Private,Private,Private,No Company NPS Data Available,No Company Glassdoor Data Available,No MI Summary Data Available,No Competitive Threat Level Data Available,No Market Share Data Available,No Pricing Strategy Data Available,No Target Market 1 Data Available,No Target Market 2 Data Available,No Channels-to-Market 1 (Social Media) Data Available,No Channels-to-Market 2 (Sales) Data Available,No Channels-to-Market 3 (Promotions/Sponsorship) Data Available,No Market Differentiation (USP) Data Available,No Revenue Trends Data Available,No Profitability Data Available,No Growth Rate Data Available,No Revenue per Employee Data Available,No Customer Satisfaction Data Available,No Reviews & Ratings Data Available,No Customer Complaints Data Available,No Innovation Data Available,No Tech Advancements Data Available,No Patents & Intellectual Property Data Available,No Emerging Trends Data Available,No Potential Threats Data Available,No Long-term Strategy Data Available,No Recent Activities Data Available,No Market Responsiveness Data Available,No Key Executives Data Available,No Company Culture Data Available,No Compliance Requirements Data Available,No Legal Issues/Pending Litigations Data Available,No Environmental Impact Data Available,No Social Initiatives Data Available
2024-06-21,Adatis,https://adatis.co.uk/,Private,No Practices Data Available,No Practices URL Data Available,Data Governance,https://adatis.co.uk/data-governance/,No Solutions Data Available,No Solutions URL Data Available,Private,Private,Private,Private,Private,Private,Private,Private,Private,No Company NPS Data Available,No Company Glassdoor Data Available,No MI Summary Data Available,No Competitive Threat Level Data Available,No Market Share Data Available,No Pricing Strategy Data Available,No Target Market 1 Data Available,No Target Market 2 Data Available,No Channels-to-Market 1 (Social Media) Data Available,No Channels-to-Market 2 (Sales) Data Available,No Channels-to-Market 3 (Promotions/Sponsorship) Data Available,No Market Differentiation (USP) Data Available,No Revenue Trends Data Available,No Profitability Data Available,No Growth Rate Data Available,No Revenue per Employee Data Available,No Customer Satisfaction Data Available,No Reviews & Ratings Data Available,No Customer Complaints Data Available,No Innovation Data Available,No Tech Advancements Data Available,No Patents & Intellectual Property Data Available,No Emerging Trends Data Available,No Potential Threats Data Available,No Long-term Strategy Data Available,No Recent Activities Data Available,No Market Responsiveness Data Available,No Key Executives Data Available,No Company Culture Data Available,No Compliance Requirements Data Available,No Legal Issues/Pending Litigations Data Available,No Environmental Impact Data Available,No Social Initiatives Data Available
2024-06-21,Adatis,https://adatis.co.uk/,Private,No Practices Data Available,No Practices URL Data Available,Data Maturity Assessment for Organisations,https://adatis.co.uk/data-maturity-assessment-for-organisations-3/,No Solutions Data Available,No Solutions URL Data Available,Private,Private,Private,Private,Private,Private,Private,Private,Private,No Company NPS Data Available,No Company Glassdoor Data Available,No MI Summary Data Available,No Competitive Threat Level Data Available,No Market Share Data Available,No Pricing Strategy Data Available,No Target Market 1 Data Available,No Target Market 2 Data Available,No Channels-to-Market 1 (Social Media) Data Available,No Channels-to-Market 2 (Sales) Data Available,No Channels-to-Market 3 (Promotions/Sponsorship) Data Available,No Market Differentiation (USP) Data Available,No Revenue Trends Data Available,No Profitability Data Available,No Growth Rate Data Available,No Revenue per Employee Data Available,No Customer Satisfaction Data Available,No Reviews & Ratings Data Available,No Customer Complaints Data Available,No Innovation Data Available,No Tech Advancements Data Available,No Patents & Intellectual Property Data Available,No Emerging Trends Data Available,No Potential Threats Data Available,No Long-term Strategy Data Available,No Recent Activities Data Available,No Market Responsiveness Data Available,No Key Executives Data Available,No Company Culture Data Available,No Compliance Requirements Data Available,No Legal Issues/Pending Litigations Data Available,No Environmental Impact Data Available,No Social Initiatives Data Available
2024-06-21,Adatis,https://adatis.co.uk/,Private,No Practices Data Available,No Practices URL Data Available,Data Migration & Application Integration,https://adatis.co.uk/data-migration-and-application-integration/,No Solutions Data Available,No Solutions URL Data Available,Private,Private,Private,Private,Private,Private,Private,Private,Private,No Company NPS Data Available,No Company Glassdoor Data Available,No MI Summary Data Available,No Competitive Threat Level Data Available,No Market Share Data Available,No Pricing Strategy Data Available,No Target Market 1 Data Available,No Target Market 2 Data Available,No Channels-to-Market 1 (Social Media) Data Available,No Channels-to-Market 2 (Sales) Data Available,No Channels-to-Market 3 (Promotions/Sponsorship) Data Available,No Market Differentiation (USP) Data Available,No Revenue Trends Data Available,No Profitability Data Available,No Growth Rate Data Available,No Revenue per Employee Data Available,No Customer Satisfaction Data Available,No Reviews & Ratings Data Available,No Customer Complaints Data Available,No Innovation Data Available,No Tech Advancements Data Available,No Patents & Intellectual Property Data Available,No Emerging Trends Data Available,No Potential Threats Data Available,No Long-term Strategy Data Available,No Recent Activities Data Available,No Market Responsiveness Data Available,No Key Executives Data Available,No Company Culture Data Available,No Compliance Requirements Data Available,No Legal Issues/Pending Litigations Data Available,No Environmental Impact Data Available,No Social Initiatives Data Available
2024-06-21,Adatis,https://adatis.co.uk/,Private,No Practices Data Available,No Practices URL Data Available,Data Strategy,https://adatis.co.uk/data-strategy/,No Solutions Data Available,No Solutions URL Data Available,Private,Private,Private,Private,Private,Private,Private,Private,Private,No Company NPS Data Available,No Company Glassdoor Data Available,No MI Summary Data Available,No Competitive Threat Level Data Available,No Market Share Data Available,No Pricing Strategy Data Available,No Target Market 1 Data Available,No Target Market 2 Data Available,No Channels-to-Market 1 (Social Media) Data Available,No Channels-to-Market 2 (Sales) Data Available,No Channels-to-Market 3 (Promotions/Sponsorship) Data Available,No Market Differentiation (USP) Data Available,No Revenue Trends Data Available,No Profitability Data Available,No Growth Rate Data Available,No Revenue per Employee Data Available,No Customer Satisfaction Data Available,No Reviews & Ratings Data Available,No Customer Complaints Data Available,No Innovation Data Available,No Tech Advancements Data Available,No Patents & Intellectual Property Data Available,No Emerging Trends Data Available,No Potential Threats Data Available,No Long-term Strategy Data Available,No Recent Activities Data Available,No Market Responsiveness Data Available,No Key Executives Data Available,No Company Culture Data Available,No Compliance Requirements Data Available,No Legal Issues/Pending Litigations Data Available,No Environmental Impact Data Available,No Social Initiatives Data Available
2024-06-21,Adatis,https://adatis.co.uk/,Private,No Practices Data Available,No Practices URL Data Available,Database Administrator as a Service,https://adatis.co.uk/database-administrator-as-a-service/,No Solutions Data Available,No Solutions URL Data Available,Private,Private,Private,Private,Private,Private,Private,Private,Private,No Company NPS Data Available,No Company Glassdoor Data Available,No MI Summary Data Available,No Competitive Threat Level Data Available,No Market Share Data Available,No Pricing Strategy Data Available,No Target Market 1 Data Available,No Target Market 2 Data Available,No Channels-to-Market 1 (Social Media) Data Available,No Channels-to-Market 2 (Sales) Data Available,No Channels-to-Market 3 (Promotions/Sponsorship) Data Available,No Market Differentiation (USP) Data Available,No Revenue Trends Data Available,No Profitability Data Available,No Growth Rate Data Available,No Revenue per Employee Data Available,No Customer Satisfaction Data Available,No Reviews & Ratings Data Available,No Customer Complaints Data Available,No Innovation Data Available,No Tech Advancements Data Available,No Patents & Intellectual Property Data Available,No Emerging Trends Data Available,No Potential Threats Data Available,No Long-term Strategy Data Available,No Recent Activities Data Available,No Market Responsiveness Data Available,No Key Executives Data Available,No Company Culture Data Available,No Compliance Requirements Data Available,No Legal Issues/Pending Litigations Data Available,No Environmental Impact Data Available,No Social Initiatives Data Available
2024-06-21,Adatis,https://adatis.co.uk/,Private,No Practices Data Available,No Practices URL Data Available,Managed Services,https://adatis.co.uk/managed-services/,No Solutions Data Available,No Solutions URL Data Available,Private,Private,Private,Private,Private,Private,Private,Private,Private,No Company NPS Data Available,No Company Glassdoor Data Available,No MI Summary Data Available,No Competitive Threat Level Data Available,No Market Share Data Available,No Pricing Strategy Data Available,No Target Market 1 Data Available,No Target Market 2 Data Available,No Channels-to-Market 1 (Social Media) Data Available,No Channels-to-Market 2 (Sales) Data Available,No Channels-to-Market 3 (Promotions/Sponsorship) Data Available,No Market Differentiation (USP) Data Available,No Revenue Trends Data Available,No Profitability Data Available,No Growth Rate Data Available,No Revenue per Employee Data Available,No Customer Satisfaction Data Available,No Reviews & Ratings Data Available,No Customer Complaints Data Available,No Innovation Data Available,No Tech Advancements Data Available,No Patents & Intellectual Property Data Available,No Emerging Trends Data Available,No Potential Threats Data Available,No Long-term Strategy Data Available,No Recent Activities Data Available,No Market Responsiveness Data Available,No Key Executives Data Available,No Company Culture Data Available,No Compliance Requirements Data Available,No Legal Issues/Pending Litigations Data Available,No Environmental Impact Data Available,No Social Initiatives Data Available
2024-06-21,Adatis,https://adatis.co.uk/,Private,No Practices Data Available,No Practices URL Data Available,Microsoft CSP Licensing,https://adatis.co.uk/microsoft-csp-licensing/,No Solutions Data Available,No Solutions URL Data Available,Private,Private,Private,Private,Private,Private,Private,Private,Private,No Company NPS Data Available,No Company Glassdoor Data Available,No MI Summary Data Available,No Competitive Threat Level Data Available,No Market Share Data Available,No Pricing Strategy Data Available,No Target Market 1 Data Available,No Target Market 2 Data Available,No Channels-to-Market 1 (Social Media) Data Available,No Channels-to-Market 2 (Sales) Data Available,No Channels-to-Market 3 (Promotions/Sponsorship) Data Available,No Market Differentiation (USP) Data Available,No Revenue Trends Data Available,No Profitability Data Available,No Growth Rate Data Available,No Revenue per Employee Data Available,No Customer Satisfaction Data Available,No Reviews & Ratings Data Available,No Customer Complaints Data Available,No Innovation Data Available,No Tech Advancements Data Available,No Patents & Intellectual Property Data Available,No Emerging Trends Data Available,No Potential Threats Data Available,No Long-term Strategy Data Available,No Recent Activities Data Available,No Market Responsiveness Data Available,No Key Executives Data Available,No Company Culture Data Available,No Compliance Requirements Data Available,No Legal Issues/Pending Litigations Data Available,No Environmental Impact Data Available,No Social Initiatives Data Available
2024-06-21,Adatis,https://adatis.co.uk/,Private,No Practices Data Available,No Practices URL Data Available,Microsoft Fabric,https://adatis.co.uk/microsoft-fabric/,No Solutions Data Available,No Solutions URL Data Available,Private,Private,Private,Private,Private,Private,Private,Private,Private,No Company NPS Data Available,No Company Glassdoor Data Available,No MI Summary Data Available,No Competitive Threat Level Data Available,No Market Share Data Available,No Pricing Strategy Data Available,No Target Market 1 Data Available,No Target Market 2 Data Available,No Channels-to-Market 1 (Social Media) Data Available,No Channels-to-Market 2 (Sales) Data Available,No Channels-to-Market 3 (Promotions/Sponsorship) Data Available,No Market Differentiation (USP) Data Available,No Revenue Trends Data Available,No Profitability Data Available,No Growth Rate Data Available,No Revenue per Employee Data Available,No Customer Satisfaction Data Available,No Reviews & Ratings Data Available,No Customer Complaints Data Available,No Innovation Data Available,No Tech Advancements Data Available,No Patents & Intellectual Property Data Available,No Emerging Trends Data Available,No Potential Threats Data Available,No Long-term Strategy Data Available,No Recent Activities Data Available,No Market Responsiveness Data Available,No Key Executives Data Available,No Company Culture Data Available,No Compliance Requirements Data Available,No Legal Issues/Pending Litigations Data Available,No Environmental Impact Data Available,No Social Initiatives Data Available
2024-06-21,Adatis,https://adatis.co.uk/,Private,No Practices Data Available,No Practices URL Data Available,Modern Data Warehouse,https://adatis.co.uk/modern-data-warehouse/,No Solutions Data Available,No Solutions URL Data Available,Private,Private,Private,Private,Private,Private,Private,Private,Private,No Company NPS Data Available,No Company Glassdoor Data Available,No MI Summary Data Available,No Competitive Threat Level Data Available,No Market Share Data Available,No Pricing Strategy Data Available,No Target Market 1 Data Available,No Target Market 2 Data Available,No Channels-to-Market 1 (Social Media) Data Available,No Channels-to-Market 2 (Sales) Data Available,No Channels-to-Market 3 (Promotions/Sponsorship) Data Available,No Market Differentiation (USP) Data Available,No Revenue Trends Data Available,No Profitability Data Available,No Growth Rate Data Available,No Revenue per Employee Data Available,No Customer Satisfaction Data Available,No Reviews & Ratings Data Available,No Customer Complaints Data Available,No Innovation Data Available,No Tech Advancements Data Available,No Patents & Intellectual Property Data Available,No Emerging Trends Data Available,No Potential Threats Data Available,No Long-term Strategy Data Available,No Recent Activities Data Available,No Market Responsiveness Data Available,No Key Executives Data Available,No Company Culture Data Available,No Compliance Requirements Data Available,No Legal Issues/Pending Litigations Data Available,No Environmental Impact Data Available,No Social Initiatives Data Available
2024-06-21,Adatis,https://adatis.co.uk/,Private,No Practices Data Available,No Practices URL Data Available,Power BI,https://adatis.co.uk/power-bi/,No Solutions Data Available,No Solutions URL Data Available,Private,Private,Private,Private,Private,Private,Private,Private,Private,No Company NPS Data Available,No Company Glassdoor Data Available,No MI Summary Data Available,No Competitive Threat Level Data Available,No Market Share Data Available,No Pricing Strategy Data Available,No Target Market 1 Data Available,No Target Market 2 Data Available,No Channels-to-Market 1 (Social Media) Data Available,No Channels-to-Market 2 (Sales) Data Available,No Channels-to-Market 3 (Promotions/Sponsorship) Data Available,No Market Differentiation (USP) Data Available,No Revenue Trends Data Available,No Profitability Data Available,No Growth Rate Data Available,No Revenue per Employee Data Available,No Customer Satisfaction Data Available,No Reviews & Ratings Data Available,No Customer Complaints Data Available,No Innovation Data Available,No Tech Advancements Data Available,No Patents & Intellectual Property Data Available,No Emerging Trends Data Available,No Potential Threats Data Available,No Long-term Strategy Data Available,No Recent Activities Data Available,No Market Responsiveness Data Available,No Key Executives Data Available,No Company Culture Data Available,No Compliance Requirements Data Available,No Legal Issues/Pending Litigations Data Available,No Environmental Impact Data Available,No Social Initiatives Data Available
2024-06-21,Adatis,https://adatis.co.uk/,Private,No Practices Data Available,No Practices URL Data Available,Power BI as a Service,https://adatis.co.uk/power-bi-as-a-service/,No Solutions Data Available,No Solutions URL Data Available,Private,Private,Private,Private,Private,Private,Private,Private,Private,No Company NPS Data Available,No Company Glassdoor Data Available,No MI Summary Data Available,No Competitive Threat Level Data Available,No Market Share Data Available,No Pricing Strategy Data Available,No Target Market 1 Data Available,No Target Market 2 Data Available,No Channels-to-Market 1 (Social Media) Data Available,No Channels-to-Market 2 (Sales) Data Available,No Channels-to-Market 3 (Promotions/Sponsorship) Data Available,No Market Differentiation (USP) Data Available,No Revenue Trends Data Available,No Profitability Data Available,No Growth Rate Data Available,No Revenue per Employee Data Available,No Customer Satisfaction Data Available,No Reviews & Ratings Data Available,No Customer Complaints Data Available,No Innovation Data Available,No Tech Advancements Data Available,No Patents & Intellectual Property Data Available,No Emerging Trends Data Available,No Potential Threats Data Available,No Long-term Strategy Data Available,No Recent Activities Data Available,No Market Responsiveness Data Available,No Key Executives Data Available,No Company Culture Data Available,No Compliance Requirements Data Available,No Legal Issues/Pending Litigations Data Available,No Environmental Impact Data Available,No Social Initiatives Data Available
2024-06-21,Adatis,https://adatis.co.uk/,Private,No Practices Data Available,No Practices URL Data Available,Rapid Azure Landing Zone,https://adatis.co.uk/rapid-azure-landing-zone-deployment-2/,No Solutions Data Available,No Solutions URL Data Available,Private,Private,Private,Private,Private,Private,Private,Private,Private,No Company NPS Data Available,No Company Glassdoor Data Available,No MI Summary Data Available,No Competitive Threat Level Data Available,No Market Share Data Available,No Pricing Strategy Data Available,No Target Market 1 Data Available,No Target Market 2 Data Available,No Channels-to-Market 1 (Social Media) Data Available,No Channels-to-Market 2 (Sales) Data Available,No Channels-to-Market 3 (Promotions/Sponsorship) Data Available,No Market Differentiation (USP) Data Available,No Revenue Trends Data Available,No Profitability Data Available,No Growth Rate Data Available,No Revenue per Employee Data Available,No Customer Satisfaction Data Available,No Reviews & Ratings Data Available,No Customer Complaints Data Available,No Innovation Data Available,No Tech Advancements Data Available,No Patents & Intellectual Property Data Available,No Emerging Trends Data Available,No Potential Threats Data Available,No Long-term Strategy Data Available,No Recent Activities Data Available,No Market Responsiveness Data Available,No Key Executives Data Available,No Company Culture Data Available,No Compliance Requirements Data Available,No Legal Issues/Pending Litigations Data Available,No Environmental Impact Data Available,No Social Initiatives Data Available
2024-06-21,Adatis,https://adatis.co.uk/,Private,No Practices Data Available,No Practices URL Data Available,Rapid Azure Sentinel Deployment,https://adatis.co.uk/rapid-azure-sentinel-deployment/,No Solutions Data Available,No Solutions URL Data Available,Private,Private,Private,Private,Private,Private,Private,Private,Private,No Company NPS Data Available,No Company Glassdoor Data Available,No MI Summary Data Available,No Competitive Threat Level Data Available,No Market Share Data Available,No Pricing Strategy Data Available,No Target Market 1 Data Available,No Target Market 2 Data Available,No Channels-to-Market 1 (Social Media) Data Available,No Channels-to-Market 2 (Sales) Data Available,No Channels-to-Market 3 (Promotions/Sponsorship) Data Available,No Market Differentiation (USP) Data Available,No Revenue Trends Data Available,No Profitability Data Available,No Growth Rate Data Available,No Revenue per Employee Data Available,No Customer Satisfaction Data Available,No Reviews & Ratings Data Available,No Customer Complaints Data Available,No Innovation Data Available,No Tech Advancements Data Available,No Patents & Intellectual Property Data Available,No Emerging Trends Data Available,No Potential Threats Data Available,No Long-term Strategy Data Available,No Recent Activities Data Available,No Market Responsiveness Data Available,No Key Executives Data Available,No Company Culture Data Available,No Compliance Requirements Data Available,No Legal Issues/Pending Litigations Data Available,No Environmental Impact Data Available,No Social Initiatives Data Available
2024-06-21,Adatis,https://adatis.co.uk/,Private,No Practices Data Available,No Practices URL Data Available,Rapid Data Analytics Deployment,https://adatis.co.uk/rapid-response-analytics/,No Solutions Data Available,No Solutions URL Data Available,Private,Private,Private,Private,Private,Private,Private,Private,Private,No Company NPS Data Available,No Company Glassdoor Data Available,No MI Summary Data Available,No Competitive Threat Level Data Available,No Market Share Data Available,No Pricing Strategy Data Available,No Target Market 1 Data Available,No Target Market 2 Data Available,No Channels-to-Market 1 (Social Media) Data Available,No Channels-to-Market 2 (Sales) Data Available,No Channels-to-Market 3 (Promotions/Sponsorship) Data Available,No Market Differentiation (USP) Data Available,No Revenue Trends Data Available,No Profitability Data Available,No Growth Rate Data Available,No Revenue per Employee Data Available,No Customer Satisfaction Data Available,No Reviews & Ratings Data Available,No Customer Complaints Data Available,No Innovation Data Available,No Tech Advancements Data Available,No Patents & Intellectual Property Data Available,No Emerging Trends Data Available,No Potential Threats Data Available,No Long-term Strategy Data Available,No Recent Activities Data Available,No Market Responsiveness Data Available,No Key Executives Data Available,No Company Culture Data Available,No Compliance Requirements Data Available,No Legal Issues/Pending Litigations Data Available,No Environmental Impact Data Available,No Social Initiatives Data Available
2024-06-21,Adatis,https://adatis.co.uk/,Private,No Practices Data Available,No Practices URL Data Available,Rapid Data Governance Quickstart,https://adatis.co.uk/rapid-data-governance-quickstart/,No Solutions Data Available,No Solutions URL Data Available,Private,Private,Private,Private,Private,Private,Private,Private,Private,No Company NPS Data Available,No Company Glassdoor Data Available,No MI Summary Data Available,No Competitive Threat Level Data Available,No Market Share Data Available,No Pricing Strategy Data Available,No Target Market 1 Data Available,No Target Market 2 Data Available,No Channels-to-Market 1 (Social Media) Data Available,No Channels-to-Market 2 (Sales) Data Available,No Channels-to-Market 3 (Promotions/Sponsorship) Data Available,No Market Differentiation (USP) Data Available,No Revenue Trends Data Available,No Profitability Data Available,No Growth Rate Data Available,No Revenue per Employee Data Available,No Customer Satisfaction Data Available,No Reviews & Ratings Data Available,No Customer Complaints Data Available,No Innovation Data Available,No Tech Advancements Data Available,No Patents & Intellectual Property Data Available,No Emerging Trends Data Available,No Potential Threats Data Available,No Long-term Strategy Data Available,No Recent Activities Data Available,No Market Responsiveness Data Available,No Key Executives Data Available,No Company Culture Data Available,No Compliance Requirements Data Available,No Legal Issues/Pending Litigations Data Available,No Environmental Impact Data Available,No Social Initiatives Data Available
2024-06-21,Adatis,https://adatis.co.uk/,Private,No Practices Data Available,No Practices URL Data Available,Rapid Data Lake Ingestion Service,https://adatis.co.uk/data-ingestion-service/,No Solutions Data Available,No Solutions URL Data Available,Private,Private,Private,Private,Private,Private,Private,Private,Private,No Company NPS Data Available,No Company Glassdoor Data Available,No MI Summary Data Available,No Competitive Threat Level Data Available,No Market Share Data Available,No Pricing Strategy Data Available,No Target Market 1 Data Available,No Target Market 2 Data Available,No Channels-to-Market 1 (Social Media) Data Available,No Channels-to-Market 2 (Sales) Data Available,No Channels-to-Market 3 (Promotions/Sponsorship) Data Available,No Market Differentiation (USP) Data Available,No Revenue Trends Data Available,No Profitability Data Available,No Growth Rate Data Available,No Revenue per Employee Data Available,No Customer Satisfaction Data Available,No Reviews & Ratings Data Available,No Customer Complaints Data Available,No Innovation Data Available,No Tech Advancements Data Available,No Patents & Intellectual Property Data Available,No Emerging Trends Data Available,No Potential Threats Data Available,No Long-term Strategy Data Available,No Recent Activities Data Available,No Market Responsiveness Data Available,No Key Executives Data Available,No Company Culture Data Available,No Compliance Requirements Data Available,No Legal Issues/Pending Litigations Data Available,No Environmental Impact Data Available,No Social Initiatives Data Available
2024-06-21,Adatis,https://adatis.co.uk/,Private,No Practices Data Available,No Practices URL Data Available,Rapid Power BI Business Value,https://adatis.co.uk/power-bi-proof-of-concept/,No Solutions Data Available,No Solutions URL Data Available,Private,Private,Private,Private,Private,Private,Private,Private,Private,No Company NPS Data Available,No Company Glassdoor Data Available,No MI Summary Data Available,No Competitive Threat Level Data Available,No Market Share Data Available,No Pricing Strategy Data Available,No Target Market 1 Data Available,No Target Market 2 Data Available,No Channels-to-Market 1 (Social Media) Data Available,No Channels-to-Market 2 (Sales) Data Available,No Channels-to-Market 3 (Promotions/Sponsorship) Data Available,No Market Differentiation (USP) Data Available,No Revenue Trends Data Available,No Profitability Data Available,No Growth Rate Data Available,No Revenue per Employee Data Available,No Customer Satisfaction Data Available,No Reviews & Ratings Data Available,No Customer Complaints Data Available,No Innovation Data Available,No Tech Advancements Data Available,No Patents & Intellectual Property Data Available,No Emerging Trends Data Available,No Potential Threats Data Available,No Long-term Strategy Data Available,No Recent Activities Data Available,No Market Responsiveness Data Available,No Key Executives Data Available,No Company Culture Data Available,No Compliance Requirements Data Available,No Legal Issues/Pending Litigations Data Available,No Environmental Impact Data Available,No Social Initiatives Data Available
2024-06-21,Adatis,https://adatis.co.uk/,Private,No Practices Data Available,No Practices URL Data Available,Solution Envisioning,https://adatis.co.uk/data-strategy/solution-envisioning/,No Solutions Data Available,No Solutions URL Data Available,Private,Private,Private,Private,Private,Private,Private,Private,Private,No Company NPS Data Available,No Company Glassdoor Data Available,No MI Summary Data Available,No Competitive Threat Level Data Available,No Market Share Data Available,No Pricing Strategy Data Available,No Target Market 1 Data Available,No Target Market 2 Data Available,No Channels-to-Market 1 (Social Media) Data Available,No Channels-to-Market 2 (Sales) Data Available,No Channels-to-Market 3 (Promotions/Sponsorship) Data Available,No Market Differentiation (USP) Data Available,No Revenue Trends Data Available,No Profitability Data Available,No Growth Rate Data Available,No Revenue per Employee Data Available,No Customer Satisfaction Data Available,No Reviews & Ratings Data Available,No Customer Complaints Data Available,No Innovation Data Available,No Tech Advancements Data Available,No Patents & Intellectual Property Data Available,No Emerging Trends Data Available,No Potential Threats Data Available,No Long-term Strategy Data Available,No Recent Activities Data Available,No Market Responsiveness Data Available,No Key Executives Data Available,No Company Culture Data Available,No Compliance Requirements Data Available,No Legal Issues/Pending Litigations Data Available,No Environmental Impact Data Available,No Social Initiatives Data Available
