practises,services
5G and wireless connectivity,Radio systems
5G and wireless connectivity,Connectivity and IOT
5G and wireless connectivity,Digital signal processing
5G and wireless connectivity,AI and analytics
5G and wireless connectivity,Strategic advice
Advanced computing,ASICs and electronics
Advanced computing,Optics and photonics
Advanced computing,Physical sciences
Advanced computing,AI and analytics
AI and data analytics,AI and analytics
AI and data analytics,Simulation
AI and data analytics,Connectivity and IoT
AI and data analytics,Sensing
AI and data analytics,Electronics and ASICs
Biotechnology,Cell and gene therapy
Biotechnology,Synthetic biology
Biotechnology,AI and analytics
Biotechnology,Physical sciences
Biotechnology,Simulation
Biotechnology,Strategic advice
Digital transformation,Digital services
Digital transformation,Digital security
Digital transformation,AI and analytics
Digital transformation,Extended reality (XR)
Digital transformation,User experience (UX)
Digital transformation,Connectivity and IOT
Quantum technology,Optics and photonics
Quantum technology,Physical sciences
Quantum technology,Product realisation
Quantum technology,Strategic advice
